source,reference,predicted
"Jí tó dà ùgbà yẹ̀n, ọga agba ileusẹ́ ọma ogun Naijria ti tì àghan ọmọ ikọ̀ apọnẹ yẹ̀n má ẹ̀ghàn.","Earlier, the head of the Nigerian Army has thrown killers into prison.",Ọga agba ileusẹ́ ọma ogun Naijria ti tì àghan ọmọ ikọ̀ apọnẹ yẹ̀n má ẹ̀ghàn. Ọga agba ileusẹ́ ọma ogun Naijria ti tì àghan ọmọ ikọ̀ apọnẹ yẹ̀n má ẹ̀ghàn. Ọga agba ileusẹ́ ọma ogun Naijria ti tì àghan ọmọ ikọ̀ apọnẹ yẹ̀n má ẹ
"Norígho yẹ̀n, nùgbà èyí ó bá tọ́n yá, bí o bá tọ́n gbà abo kàn, àbí abo méjì, ji wa mú lómìnira ghún rẹ, àbí?","So, when it is time again, if you collect one female again, or two females, and it gives you independence, isn't it?","Yẹ̀n, nùgbà èyí ó bá tọ́n yá, bí o bá tọ́n gbà abo kàn, àbí abo méjì, ji wa mú lómìnira ghún rẹ, àbí?"
"Ni ti ìrẹ̀nàjò afẹ́ yìí, amọ̀nà bírọ̀: sé éè si pé àghan ọ̀gá obìnrẹn jẹ̀bi?","In this part of the journey, the guide asks: are the boss ladies not guilty?","Ọ̀gá obìnrẹn jẹ̀bi, ọ̀gá obìnrẹn jẹ̀bi, ọ̀gá obìnrẹn jẹ̀bi, ọ̀gá obìnrẹn jẹ̀bi."
"Ìkpele ìdàgbànókè rèé si ""títí dede wá ra fi dé ìsọ̀kan ìgbàgbọ́","Level of growth is ""till we all reach unity of faith"".","ìdàgbànókè, ìgbàgbọ́ ìdàgbànókè, ìgbàgbọ́ ìdàgbànókè, ìgbàgbọ́ ìdàgbànókè, ìgbàgbọ́ ìdàgbànókè, ìgbàgbọ́ ìdàgbànókè, ìgbàgbọ́ ìdàgbànókè."""
Asofin agba yìí mí soju Ekiti ni ẹkun Guusu ipinlẹ yẹ̀n Sẹ́nétọ̀ Biodun Olujimi fọ pe origho rèé ko òghun yọ nibo usẹlẹ yi rin.,"Senator Biodun Olujimi, the senior lawmaker representing Ekiti in the Southern region of the state, remarked that he narrowly escaped the incident.",Asofin agba yìí mí soju Ekiti ni ẹkun Guusu ipinlẹ yẹ̀n Sẹ́nétọ̀ Biodun Olujimi fọ pe origho rèé ko òghun yọ nibo usẹlẹ yi rin
"bii urun yìí Tolú fọ̀, ó jí ọwọ́ Ọba éè le wọ sọ̀ọ̀lọ̀.",Take a look at what others are expressing online regarding the Governor's decision.,"Ọwọ́ Ọba éè le wọ sọ̀ọ̀lọ̀, ọjọ ọjọ ọjọ ọjọ ọjọ ọjọ ọjọ ọjọ ọjọ ọjọ ọjọ ọjọ ọjọ ọjọ ọjọ ọjọ ọjọ ọjọ ọjọ ọjọ ọjọ ọjọ ọjọ ọjọ ọjọ ọjọ ọ"
"Nẹ́yìn yẹ̀n, jẹ́ jí ìgbésí ayé rẹ tọ̀n ka ghùn rẹ́ áti lò ghán bí wo bá se lè lò ó.","After that, let your life interest you more to use them how you can use it.",Ìgbésí ọ̀lọ́rọ́ ní ọ̀lọ́rọ́ ní ọ̀lọ́rọ́ ní ọ̀lọ́rọ́ ní ọ̀lọ́rọ́ ní ọ̀lọ́rọ́ ní ọ̀lọ́rọ́ ní ọ̀lọ́rọ́ ní ọ̀lọ́rọ́ ní ọ̀lọ́rọ́ ní ọ̀lọ́rọ́ ní ọ
"Nítorí náà, níhìn ín, wo lè rí ìyíkpadà yìí gha ninọ́ lílò àghan òghun èlò ayé ìgbà yẹ̀n","So, here, you can see changes that are in using the tools of those days.",. Níhìn ìyíkpadà yìí gha ninọ́ lílò àghan òghun èlò ayé ìgbà yẹ̀n. Níhìn ìyíkpadà yìí gha ninọ́ lílò àghan òghun èlò ayé ìgbà yẹ̀n. Níhìn ìyíkpadà yìí gha ninọ́ lílò àghan òghun èlò ayé ìgbà yẹ̀n.
"Ìṣẹ̀lẹ̀ náà dà ìròyẹ̀n yìí tàn kálékáko, tí ó sì ń mú àghan èrò se onírúurú ìbéèrè nàti orígho ẹ̀rọ alátagbà àti ìwé ìròyìn","The occurrence made headlines and swiftly disseminated, prompting inquiries from individuals through the internet and newspapers.",". Ìṣẹ̀lẹ̀ náà dà ìròyẹ̀n yìí tan kálékáko, tí ó sì ń mú àghan èrò se onírúurú ìbéèrè nàti orígho ẹ̀rọ alátagbà àti ìwé ìròyìn. Ìṣẹ̀lẹ̀ náà dà ìròyẹ̀n yìí tan kálékáko, tí ó sì ń mú àghan è"
Àán fi bárẹ̀ gbádùn eré ìnàjú nígbà yí èyí mí lọ ghún ọ̀sẹ̀ yìí tẹ̀ le,They did not really enjoy the recreational play when this was going on for the week after.,nígbà nígbà nígbà nígbà nígbà nígbà nígbà nígbà nígbà nígbà.
níìlò gan an.,Really need.,níìlò gan an. níìlò gan an. níìlò gan an. níìlò gan an. níìlò gan an.
Àghan èrò fẹ́ràn ìhùwàsí alágídíi rẹ̀ àti pé àìfiọfọ̀ ni ábẹ́ iwán rẹ̀ yọ̀n í gbọ́.,"People appreciate his stubborn demeanor, and his straightforwardness is engaging to hear.",Ọ̀lọ́mọ̀ àwọn ìhùwàsí alágídíi rẹ̀ àti pé àìfiọfọ̀ ni ábẹ́ iwán rẹ̀ yọ̀n í gbọ́ àwọn ìhùwàsí alágídíi rẹ̀ àti pé àìfiọfọ̀ ni ábẹ́ iwán rẹ̀ yọ̀n í gbọ́ àwọn ìhùwàsí alágídíi rẹ̀ àti pé àìfi
"Àghan òfin Níútíìnì, jí gho bá fẹ́, jí gho bá fẹ́ àti ṣe àghan kókó pàtàkì kàn","Newton's laws, if you want, if you want to do some important points.",ọ̀rọ̀ ọ̀rọ̀ ọ̀rọ̀ ọ̀rọ̀ ọ̀rọ̀ ọ̀rọ̀ ọ̀rọ̀ ọ̀rọ̀ ọ̀rọ̀ ọ̀rọ̀ ọ̀rọ̀ ọ̀rọ̀ ọ̀rọ̀ ọ̀rọ̀ ọ̀rọ̀ ọ̀rọ̀ ọ̀rọ̀ ọ̀rọ̀ ọ̀rọ̀ ọ̀rọ̀ ọ̀rọ̀ ọ
O salaye pe àghan àbẹ̀ghò yẹ̀n éè nẹ́ urunkúnrun í se ni ti eto idibo ọdọ́n yìí.,He explained that the visits had nothing to do with this year's election process.,O salaye pe àghan àbẹ̀ghò yẹ̀n éè nẹ́ urunkúnrun í se ni ti eto idibo ọdọ́n yìí. O salaye pe àghan àbẹ̀ghò yẹ̀n éè nẹ́ urunkúnrun í se ni ti idibo ọdọ́n yìí.
"Nípa ti àghan ọma bíbí ibẹ̀ yẹ̀n, á à fún ghan irun yìí tọ́ ghún ghan, á à sì dà ghán pọ̀ má àghùjọ","As for the children born there, we will give them what they deserve, and we will integrate them into the society.","́ nípa. Nípa ti àghan ọma bíbí ibẹ̀ yẹ̀n, á à fún ghan irun yìí tọ́ ghún ghan, á à sì dà ghán pọ̀ má àghùjọ́ nípa."
Ó jí oghó yìí ìjọba àkpakpọ̀ mí yá gha ghún àti kpèsè àghan amáyédẹrùn,There is money that the federal government borrows to provide amenities ,", yìí ìjọba àkpakpọ̀ mí yá gha ghún àti kpèsè àghan amáyédẹrùn, yìí ìjọba àkpakpọ̀ mí yá gha ghún àti kpèsè àghan amáyédẹrùn, yìí ìjọba àkpakpọ̀ mí yá gha ghún àti kpèsè àghan."
"Áà kpè wá àti jẹ́ orí, a kpè wá àti jẹ́ ọmọ ọ̀dọ̀","We are not called to be leaders, we are called to be servants.",", a kpè wá àti jẹ́ ọ̀dọ̀, a kpè wá àti jẹ́ ọ̀dọ̀, a kpè wá àti jẹ́ ọ̀dọ̀."
Òtítọ́ ni pé bàbá rẹ̀ tí kọ̀ ara ghan nilẹ́ bí lọ́kọ láyà bó tilẹ̀ jẹ́ pé àán tí bí a ghún ara,It is true that his father and mother have divorced each other as a married couple even though they has children together,ghan nilẹ́ bí lọ́kọ.
"Ni kikọ́n,Ni akungwọnílẹ̀ oghun ati ka dàgbà núgwájú ninọ́ usé oluwa .","In full, in overflow and to increase in the works of God.","Ni kikọ́n,Ni akungwọnílẹ̀ oghun ati ka dàgbà núgwájú ninọ́ usé oluwa . Ni kikọ́n,Ni akungwọnílẹ̀ oghun ati ka dàgbà núgwájú ninọ́ usé oluwa ."
Mú ẹ̀kọ́ iyinrire la bá àghan ẹlẹsẹ jí ghan lè gbàgbọ́ jí a wá gbà ghán là.,Go after sinners with the teaching of the gospel for them to believe and be saved.,Mú ẹ̀kọ́ iyinrire la bá àghan ẹlẹsẹ jí ghan lè gbàgbọ́ jí a wá gbà ghán là. Mú ẹ̀kọ́ iyinrire la bá àghan ẹlẹsẹ jí ghan lè gbàgbọ́ jí a wá gbà ghán là. Mú ẹ̀kọ́ iyinrire la bá àghan ẹlẹsẹ jí ghan lè gbàgbọ́ jí a wá gbà
Ìjọba fẹ́ sèyí torí ibẹ̀ òghun àghan èrò mí gbà kọjá lọ ibo ilé gbígbé líla títọn,"The government plans to pursue this initiative because of the expected rise in traffic to the new large city, which has a specific rationale.",. Ìjọba fẹ́ sèyí torí ibẹ̀ òghun àghan èrò mí gbà kọjá lọ ibo ilé gbígbé líla títọn. Ìjọba fẹ́ sèyí torí ibẹ̀ òghun àghan èrò mí gbà kọjá lọ ibo ilé gbígbé líla títọn. Ìjọba fẹ́ sèyí torí ibẹ̀ òghun àghan èrò mí gbà
"Àmá, ọnẹkánukù bí ọnẹ̀kàn, iransẹ Olorọn gbọdọ se apípọn ati “pẹ́n ọfọ̀ otítọ́ bi ó ti yẹ","But, each one most importantly, servant of God must strive to ""share the word of God as appropriate.",n ọlọ́rọ̀n ọlọ́rọ̀n ọlọ́rọ̀n ọlọ́rọ̀n ọlọ́rọ̀n ọlọ́rọ̀n ọlọ́rọ̀n ọlọ́rọ̀n ọlọ́rọ̀n ọlọ́rọ̀n ọlọ́rọ̀n ọlọ́rọ̀n ọlọ́rọ̀n ọlọ́rọ̀n
Ààrẹ àná kọ́n ara àghan lorukọ lorukọ èyí la kí alagba Faṣọranti norigho iku ọma rẹ̀.,The former president was part of the famous people that checked on Elder Fasoranti about the death of his child ,Àná kọ́n ara àghan lorukọ lorukọ èyí la kí alagba Faṣọranti norigho iku ọma rẹ̀. Àná kọ́n ara àghan lorukọ lorukọ èyí la kí alagba Faṣọranti norigho iku ọma rẹ̀.
A mí gbà ìtọ́ni nátòkè ghá nàti inọ́ ìjọsìn,We receive guidance from above from worship.,ìjọsìn ìjọsìn ìjọsìn ìjọsìn ìjọsìn ìjọsìn.
Àgbẹ̀runfọ̀ uleeṣẹ ọlọpaa jí esi àyẹ̀ghò irun yìí pa Jumoke ti jade.,The spokesperson of the police station said that the results of the investigation of what killed Jumoke is out ,Àgbẹ̀runfọ̀ uleeṣẹ ọlọpaa jí esi àyẹ̀ghò irun yìí pa Jumoke ti jade. Àgbẹ̀runfọ̀ uleeṣẹ ọlọpaa jí esi àyẹ̀ghò irun yìí pa Jumoke ti jade.
A wa gbadura pe Ọba oke tẹ Olabode Akanni ni afẹfẹ rere nibayii jo ti pe ọdọ́n mẹtadinlaadọrin èyí ó ti jade naye.,May God grant him eternal rest as it has been seventy-seven years since his passing.,Ọba oke tẹ Olabode Akanni ni afẹfẹ rere nibayii jo ti pe ọdọ́n mẹtadinlaadọrin èyí ó ti jade naye. Ọba oke tẹ Olabode Akanni ni afẹfẹ rere nibayii jo ti pe ọdọ́n mẹtadinlaadọrin èyí ó ti jade naye.
Kí fà á èyí wo fi lè kọ ìlànà kàn èyí mú jí àghan jàǹdùkú se irun yìí án se?,How can you write one procedure that made the terrorists do what they did?,Kí fà á èyí wo fi lè kọ ìlànà kàn èyí mú jí àghan jàǹdùkú se irun yìí án se? Kí fà á èyí wo fi lè kọ ìlànà kàn èyí mú jí àghan jàǹdùkú se irun yìí án se?
Ó tọ́n jẹ́ Kọ̀misọ́nà hún ètò okoòghò àti ẹgbẹ́ alájẹsẹ́kù ni ìpínlè Ọ̀yọ́,He additionally assumed the role of commissioner for business organization and small groups in Oyo State.,", ọ̀rọ̀ ọ̀rọ̀ ọ̀rọ̀ ọ̀rọ̀ ọ̀rọ̀ ọ̀rọ̀ ọ̀rọ̀ ọ̀rọ̀ ọ̀rọ̀ ọ̀rọ̀ ọ̀rọ̀ ọ̀rọ̀ ọ̀rọ̀ ọ̀rọ̀ ọ̀rọ̀ ọ̀rọ̀ ọ̀rọ̀ ọ̀rọ̀ ọ̀rọ̀ ọ̀rọ̀ ọ̀rọ̀"
A lè kpè àkókò yìí rú nílẹ̀ ni àkókò ànfàní àbí àkókò yìí ghan,We can call the time that is open the time of opportunity or a good time.,à nílẹ̀ ni àkókò àbí àkókò yìí rú nílẹ̀ ni àkókò àbí.
Ọ̀hanyitólú jí ninọ́ àghan yìí kú nínọ́ ìsẹ̀lẹ̀ náà ni ọmadọ́kọ̀nrẹ  kàn àti àgbàlagbà ọkọnrẹn kàn,Osanyintolu said that he was thinking that he should die in the same incident where a boy and an old man were killed.,ọkọnrẹ ọkọnrẹ ọkọnrẹ ọkọnrẹ ọkọnrẹ ọkọnrẹ ọkọnrẹ.
Ninọ́ alaye yìí àghan elewe ọma yi se án ji án le fọwọ rẹ lù àyà pe àghan urun ghan yìí ra jẹ bi idan.,"In the statement provided by the traditional healer, they expressed confidence that these remedies would be effective.",Ọmọ ọjọ ọjọ ọjọ ọjọ ọjọ ọjọ ọjọ ọjọ ọjọ ọjọ ọjọ ọjọ ọjọ ọjọ ọjọ ọjọ ọjọ ọjọ ọjọ ọjọ ọjọ ọjọ ọjọ ọjọ ọjọ ọjọ ọjọ ọjọ ọjọ ọjọ ọjọ
Tóyín Adégbolá wá sàlàyé ghún ghan tí ìrẹ̀lẹ̀ ìrẹ̀lẹ̀ kpé oghó fi bẹ́ẹ̀ yéye nọwọ́ òghun,Toyin Adegbola humbly explain to them that she does not really have money ,"2014, 2015, 2016, 2017, 2018, 2019, 2020, 2021, 2022."
Àti mu ọ̀kan nùgbà yìí okan bá ti bàjẹ́ òghun rèé mi se ìrò inọ́ Satani òghun àghan èké apositeli rin.,Satan's plan and fake apostles is to take heart when sad.,Àti mu ọ̀kan nùgbà yìí okan bá ti bàjẹ́ òghun rèé mi se ìrò inọ́ Satani òghun àghan èké apositeli rin. Àti mu ọ̀kan nùgbà yìí okan bá ti bàjẹ́ òghun rèé mi se ìrò inọ́ Satani òghun àghan èké apositeli rin.
Ìrànghọ́ ọmanìyàn rèé se pàtàkì jù ni orílẹ̀ èdè yii,Helping humans is the most important thing in this country.,2000000000000000000000000000000000000000000000000000000000000000000000000000000000000000000000000000000000000000000000000000000
Dádé sìnghọ́ yìnban kpa ọlọ́pàá ọ̀tẹlẹ̀múnyẹ́n kàn Sèyí Adébòwálé nìpínlẹ̀ Ọ̀sun,Dade mistakenly shot and killed a Detective policeman Seyi Adebowale in Osun state ,ọ̀lọ́pàá ọ̀tẹlẹ̀múnyẹ́n. Ọ̀lọ́pàá ọ̀tẹlẹ̀múnyẹ́n ọ̀lọ́pàá ọ̀tẹlẹ̀múnyẹ́n ọ̀lọ́pàá ọ̀tẹlẹ̀múnyẹ́n ọ̀lọ́pàá ọ̀tẹlẹ̀múnyẹ́n ọ̀lọ́pàá ọ̀
Nati gho iwe eleda ji a ri idi yìí ọlọ́rọn fi fọ pe 'éè hàn jí ọkọ̀nrẹn yẹ̀n ki ó nùkàn gha',To look at the book of the creator and see the reason why God said 'It is not good for the man to be alone',ọlọ́rọn fi fọ pe 'éè.
"Okú yẹ̀n, eyí án àn mà orúkọ èyí ó mí jẹ́, òghun a gbọ pe àn án fi okùn dè ọwọ rẹ̀ ji àn án tọ́n lọ́ asọ ma ẹrun rẹ̀ rin.","The deceased, whose identity remains unknown, reportedly had their hands bound with rope and their mouth tied with cloth.",Òghun a gbọ pe àn án fi okùn dè ọwọ rẹ̀ ji àn án tọ́n lọ́ asọ ma ẹrun rẹ̀ rin. Òghun a gbọ pe àn án fi okùn dè ọwọ rẹ̀ ji àn án tọ́n lọ́ asọ ma ẹrun rẹ̀ rin. Òghun a gbọ pe àn án fi okùn dè ọwọ rẹ̀ ji àn án tọ́n lọ́ as
Ìmàle àti ìgbàgbọ́ kó ìdá mẹ́jo àti ìdá mẹ́wàá iye dede èrò yìí mí gbé Nàìjíríà,Religion and Faith take eight and ten percent of the total population of people living in Nigeria.,. Ìmàle àti ìgbàgbọ́ kó ìdá mẹ́jo àti ìdá mẹ́wàá iye dede èrò yìí mí gbé Nàìjíríà. Ìmàle àti ìgbàgbọ́ kó ìdá mẹ́jo àti ìdá mẹ́wàá iye dede èrò yìí mí gbé Nàìjíríà. Ìmàle àti ìgbàgbọ́ kó �
Orígho ẹ̀rọ ìbáraeni sọ̀rọ̀ òghun Tinubu tí bá àghan ọ̀dọ́ kan takùrọ̀fọ̀ nípa ìsẹ̀lẹ̀ náà ni ọjọ́rú,Tinubu had a conversion with some youths on the phone about the incident on Wednesday ,ọ̀dọ́ nípa ìsẹ̀lẹ̀ nípa ìsẹ̀lẹ̀ nípa ìsẹ̀lẹ̀ nípa ìsẹ̀lẹ̀.
Isẹ́ ìránṣẹ́ rẹ gbọ́dọ̀ jẹ́ ìkpínlẹ̀ àdúrà rẹ,Your ministry must be the foundation of your prayer.,"̀, ọ̀rọ̀ ọ̀rọ̀ ọ̀rọ̀ ọ̀rọ̀ ọ̀rọ̀ ọ̀rọ̀ ọ̀rọ̀ ọ̀rọ̀ ọ̀rọ̀ ọ̀rọ̀ ọ̀rọ̀ ọ̀rọ̀ ọ̀rọ̀ ọ̀rọ̀ ọ̀rọ̀ ọ̀rọ̀ ọ̀rọ̀ ọ̀rọ̀ ọ̀rọ̀ ọ̀rọ̀ ọ̀rọ̀"
Dede ayé rèé mà kpé ọ̀rọ̀ ìwà ìjẹkújẹ jẹ́ irun kàn yìí bà orúkọ Nàìjíríà jẹ́ nílé àti nòkè òkun,The whole world knows that the issue of corruption is something that tarnishes the reputation of Nigeria at home and abroad.,ọ̀rọ̀ ìwà ìjẹkújẹ jẹ́ nílé àti nòkè òkun ọ̀rọ̀ ìwà ìjẹkújẹ jẹ́ nílé àti nòkè òkun ọ̀rọ̀ ìwà ìjẹkújẹ.
"Ore ofe ọlọ́rọn norígho aye ghan rèé mú ghan dà ìjọ yìí yato rin,pelu dede urun yìí án ti là koja.","God's grace upon their lives made them a church that is different , with everything they have passed through.","Ọlọ́rọn norígho aye ghan rèé mú ghan dà ìjọ yìí yato rin,pelu dede urun yìí án ti là koja. Ọlọ́rọn norígho aye ghan rèé mú ghan dà ìjọ yìí yato rin,pelu dede urun yìí án ti là koja. Ọlọ́rọn norígho aye ghan rèé mú ghan dà ìjọ yìí yato rin,pelu"
Ayọ̀ kọ́n ọkàn wa nèní,Our heart is full of joy today ,ọkọ́n ọkọ́n ọkọ́n ọkọ́n ọkọ́n ọkọ́n ọkọ́n ọkọ́n ọkọ́n ọkọ́n ọkọ́n ọkọ́n.
O jí ibo yìí òghun fi yéye jù ti aarẹ Buhari lé ni miliọnu kàn oghun àbọ̀.,"He mentioned that the votes he used to garner, surpassing those of President Buhari, are over one and a half million.",O jí ibo yìí òghun fi yéye jù ti aarẹ Buhari lé ni miliọnu kàn oghun àbọ̀. O jí ibo yìí òghun fi yéye jù ti aarẹ Buhari lé ni miliọnu kàn oghun àbọ̀.
"Ìyíkpadà yìí gbọ́dọ̀ han, àghan ìránṣẹ́ Ọlọ́run gbọ́dọ̀ sisẹ́ ní ìbámu kpẹ̀lú bí ó se gha ninọ́ ìwé mímá, jí ìjọ lè dàgbà nókè","The change that must occur, servants of God must work in accordance with how it is in the holy book so the church can progress.","ní ìbámu kpẹ̀lú bí ó se gha ninọ́ ìwé mímá, jí ìjọ lè dàgbà nókè ní ìbámu kpẹ̀lú bí ó se gha ninọ́ ìwé mímá."
Inọ́ obìrẹn òghun a ti bi iran ọkọ̀nrẹn rin.,Woman's stomach is to birth man's generation.,ọkọ̀nrẹn rin ọkọ̀nrẹn rin ọkọ̀nrẹn rin. ọkọ̀nrẹn rin ọkọ̀nrẹn rin ọkọ̀nrẹn rin. ọkọ̀nrẹn rin ọkọ̀nrẹn rin ọkọ̀nrẹn rin. ọkọ̀nrẹn rin ọkọ̀nrẹn rin ọkọ̀nrẹn rin.
Isoro wa rèé se ẹ̀dá buruku yìí a jere norígho aigboran wa ninọ́ ọ̀gba Edeni.,Our problem is the wicked creature that we benefited by our disobedience in the garden of Eden.,Ọ̀gba Edeni ẹ̀dá buruku yìí a jere norígho aigboran wa ninọ́ ọ̀gba Edeni. Ọ̀gba Edeni ẹ̀dá buruku yìí a jere norígho aigboran wa ninọ́ ọ̀gba Edeni. Ọ̀gba Edeni ẹ̀dá buruku yìí a jere norígho aigboran wa ninọ́ ọ̀gba Edeni.
Ó lọ igwájú kilasì jí án wa mú ẹfun ghun ji fi kọ alaye noju pátákó.,He went to the front of the class and was given chalk to write the explanation on the board ,Ó lọ igwájú kilasì jí án wa mú ẹfun ghun ji fi kọ alaye noju pátákó. Ó lọ igwájú kilasì jí án wa mú ẹfun ghun ji fi kọ alaye noju pátákó.
Mase kọ̀ ipò aya rẹ nile ninọ́ usẹ́ iranse rẹ.,Do not reject the position of your work in your ministry.,Mase kọ̀ ipò aya rẹ nile ninọ́ usẹ́ iranse rẹ. Mase kọ̀ ipò aya rẹ nile ninọ́ usẹ́ iranse rẹ. Mase kọ̀ ipò aya rẹ nile ninọ́ usẹ́ iranse rẹ.
Amà ìrírí mi bí án ti mi rí mi bíi atọ̀họ́nrẹ̀nwá ti jẹ́ jí mi nẹ́ ìmà ní ti àsà àghan ọnẹ mi.,"However, my encounters with how they perceive me as an outsider have heightened my understanding of my people's culture.",Ọ̀wọ́rọ́ ní ìmà ní ti àwọn ọ̀wọ́rọ́ ní ìmà ní ti àwọn ọ̀wọ́rọ́ ní ìmà ní ti àwọn ọ̀wọ́rọ́ ní ìmà ní ti àwọn ọ̀wọ́rọ́ ní ìmà ní ti àwọn ọ̀wọ́rọ́ ní ìmà ní ti àwọn ọ
Ajọ eleto idibo orile ede Nàìjíríà ti fi kọ́n gbedeke ọjọ ti àghan oludibo ra nẹ́ áǹfààni ati gbà kaadì ìdìbò pẹ̀lú ọjọ mẹta.,The National Electoral Commission of Nigeria has extended the date on which voters will be able to receive their voters card by three days.,Ọjọ ti àghan oludibo ra nẹ́ áǹfààni ati gbà kaadì ìdìbò pẹ̀lú ọjọ mẹta. Ọjọ ti àghan oludibo ra nẹ́ áǹfààni ati gbà kaadì ìdìbò pẹ̀lú ọjọ mẹta. Ọjọ ti àghan oludibo ra nẹ́ áǹfààni ati gbà kaadì ìdìbò pẹ̀lú ọj
Lọ́jọ́ kejì yìí àán sisẹ́ abẹ náà tán ni ilé ìwòsàn náà sẹ̀sẹ̀ mọ̀ kpé àsìse wáyé,It was the second day after the surgery was  done was when the hospital realize that something had gone wrong ,ní ìwòsàn náà sẹ̀sẹ̀.
"Ní báyìí, nùgbà yìí mo bá mí fọ̀ urun yìí mó mí se ghún àghan èrò, án mi ra ka họ́n má mi.","Right now, when I am telling people what I am doing, they move closer to me.","Ní báyìí, nùgbà yìí mo bá mí fọ̀ urun yìí mó mí se ghún àghan èrò, án mi ra ka họ́n má mi. Ní báyìí, nùgbà yìí mo bá mí fọ̀ urun yìí mó mí se ghún àghan èrò, án mi ra ka họ́n má mi."
Ninọ́ àtẹ̀jáde yìí olùdámọ̀ràn fún rarẹ̀ mú níta nọjọ́ ìsẹ́gun òghun ó ti sàlàyé kpé ìgbésẹ̀ náà takpa sí òfin,"On Tuesday, the President's adviser issued a press release stating that the action was against the law.",ìsẹ́gun òghun níta nọjọ́ ìsẹ́gun òghun.
Ọmọ mẹjọ lo wa laarin awọn lọkọ laya naa ki iku aitọjọ to pin awọn meji niya.,There were eight children between the couple before untimely death separated the two.,Ọmọ mẹjọ lo wa laarin awọn lọkọ laya naa ki iku aitọjọ to pin awọn meji niya. Ọmọ mẹjọ lo wa laarin awọn lọkọ laya naa ki iku aitọjọ to pin awọn meji niya.
"A gbọ́dọ̀ mu ghún àti yìn Ọlọ́run nógo, éè se àti fẹ́ èrè","We must give to praise the Lord, it is not to look for profit.",ọlọ́run ọlọ́run ọlọ́run ọlọ́run ọlọ́run ọlọ́run ọlọ́run ọlọ́run.
Oro Giriki èyí a túnmà bí Oluso aguntan ninọ́ iwe Efesu,Greek word that we translated to shepherd in the book of Ephesians.,", 2014, 2015, 2016, 2017, 2018, 2019, 2020."
A gbé Mósè kóòró ghún àghan ọma Ísírẹ́lì láti ghàásù,We raised Moses for the for the children of Isreal to preach.,n ọmọ Ìgbé ìgbé ìgbé ìgbé ìgbé ìgbé ìgbé ìgbé ìgbé ìgbé ìgbé ìgbé ìgbé ìgbé ìgbé ìgbé ìgbé ìgbé ìgbé ìgbé ìgbé ìgbé ìgbé ìgbé ìgbé ìgbé ìgbé ìgbé ìgbé ìgbé ìgb
"Àmá bó ti se kpàtàkì tó kpé jí a yí ìgò iná kpadà, ó se kpàtàkì kpé jí a yí àghan òfin náà kpadà","But, as much as it is important that we change the light glass, it is important that we change the laws. ",", ó se kpàtàkì kpé jí a yí ìgò iná kpadà, ó se kpàtàkì kpé jí a yí àghan òfin náà kpadà, ó se kpàtàkì kpé jí a yí ìgò iná kpadà."
O jí ẹ̀tọ́ rẹ̀ rin gẹ́gẹ́ bi ìgbákejì òghun ati dúro ni ọwọ́ ibo èyí òghun gha nùgbà èyí òghun mi bá Lékan jà.,He said it his right as the vice to stand in the place where he is lined up when he fought with Lekan.,O jí ẹ̀tọ́ rẹ̀ rin gẹ́gẹ́ bi ìgbákejì òghun ati dúro ni ọwọ́ ibo èyí òghun gha nùgbà èyí òghun mi bá Lékan jà.
"Eyín mi Bàsírá, èyí án pa nẹ́yìn án ba hùn tipátipá, gha rin",Basira is my sister who was killed after being raped,"lẹ́rẹ́, gha rin lẹ́rẹ́, gha rin lẹ́rẹ́, gha rin lẹ́rẹ́, gha rin lẹ́rẹ́, gha rin lẹ́rẹ́."
"Bi a fẹ́ bi a kọ̀, idá mẹfa ninọ́ mẹwa àghan ọma orilẹ ede yìí, ọ̀dọ́ àghan gha rin.","Either we like it or not, six out of ten children are youths","Ọ̀dọ́ àghan ọma orilẹ ede yìí, ọ̀dọ́ àghan gha rin. Ọ̀dọ́ àghan ọma orilẹ ede yìí, ọ̀dọ́ àghan gha rin. Ọ̀dọ́ àghan ọma orilẹ ede yìí, ọ̀dọ́ àghan gha rin."
Ó yẹ ghún àfiyèghún pé ni àghan orílẹ̀ èdè òmúrẹ̀n,It is worthy of notice that in other countries.,"àwọn ìbàdà 2019, 2020, 2021, 2022, 2023, 2024, 2025, 2026, 2027, 2028, 2029."
Igboọra rèé mí se ọjà kàn nagbaaye eyi gbajugbaja rin.,Igboora village is one of the most famous cities in the world.,Igbọra rèé mí se ọjà kàn nagbaaye eyi gbajugbaja rin. Igbọra rèé mí se ọjà kàn nagbaaye eyi gbajugbaja rin. Igbọra rèé mí se ọjà kàn nagbaaye eyi gbajugbaja rin.
Ọ̀ràn Kẹ́misọ́lá dà ayọ̀ ni ọjọ kejilelogun oṣù Kẹfà nùgbà èyí adájọ́ ulé ẹjọ́ lílá gbà béèlì rẹ.,Kemisola's case ended in joy on the twenty-second of June when the High Court judge granted her bail.,Ọ̀ràn Kẹ́misọ́lá dà ayọ̀ ni ọjọ kejilelogun oṣù Kẹfà nùgbà èyí adájọ́ ulé ẹjọ́ lílá gbà béèlì rẹ. Ọ̀ràn Kẹ́misọ́lá dà ayọ̀ ni ọjọ kejilelogun oṣù Kẹfà nùgbà èyí adájọ́ ulé ẹjọ́ lílá gbà béèlì rẹ.
An jẹ́ jí mi fi irú àghan àghòrán yìí hàn ghán ninọ́ ìtàn ìdílé mi,And let me show you these types of pictures in the history of my family.,", ọ̀rọ́ ìtàn ìdíle mi, ọ̀rọ́ ìtàn ìdíle mi, ọ̀rọ́ ìtàn ìdíle mi, ọ̀rọ́ ìtàn ìdíle mi, ọ̀rọ́ ìtàn ìdíle mi."
Ààrẹ fọ̀ọ́ kpé ìṣẹ̀lẹ̀ omíyalé yìí gháyé ní ìpínlẹ̀ Òsun dọ̀n ghun yeye,The president said that he was very pained by the incident of flood that took place in Osun state.,"ìṣẹ̀lẹ̀ ìpínlẹ̀ Ìṣẹ̀lẹ̀, ìṣẹ̀lẹ̀ ìpínlẹ̀ Ìṣẹ̀lẹ̀, ìṣẹ̀lẹ̀ ìpínlẹ̀ Ìṣẹ̀lẹ̀, ìṣẹ̀lẹ̀ ìpínlẹ̀ Ìṣẹ̀lẹ̀, ìṣẹ̀lẹ̀ ìpínlẹ̀ Ìṣẹ̀lẹ̀, ìṣẹ̀lẹ̀"
Bi ipele yii wo ra ti dá fọọmu èyi wo ti fi ọwọ rẹ kọ padà ni ọfiisi rin.,At this stage we have returned the signed form to the office.,"Bi ipele yii wo ra ti dá fọọmu èyi wo ti fi ọwọ rẹ kọ padà ni ọfiisi rin. Bi ipele yii wo ra ti dá fọọmu èyi wo ti fi ọwọ rẹ kọ padà ni ọfiisi rin.
You are a helpful assistant, who always provide explanation. Think like you are answering to a five year old."
"nùgbà yìí  esu ba de obìrẹn ni igbekun, àghan ọma ra nẹ́ isoro bárẹ̀ ọkọ̀nrẹn yẹ̀n éè ni rẹ̀n jìnà naye.","When satan puts a woman under bondage, the children will have problems and the man will not go far in life.","nùgbà yìí  esu ba de obìrẹn ni igbekun, àghan ọma ra nẹ́ isoro bárẹ̀ ọkọ̀nrẹn yẹ̀n éè ni rẹ̀n jìnà naye. nùgbà yìí  esu ba de obìrẹn ni igbekun, àghan ọma ra nẹ́ isoro bárẹ̀ ọkọ̀nrẹn yẹ̀n éè ni rẹ̀n jìnà naye."
"Èkejì rèé, ní ilé ìtajà kàn èyí án ti mí se àbẹ̀tẹ́lẹ̀ orílẹ̀ èdè kàn, àbẹ̀tẹ́lẹ̀ orílẹ̀ èdè kan rèé gha níbẹ̀ rin.","The second is that, in supermarket that they are taking bribe of one country, one country's bribe is there.","Èyí án ti mí se àbẹ̀tẹ́lẹ̀ orílẹ̀ èdè kàn, àbẹ̀tẹ́lẹ̀ orílẹ̀ èdè kan rèé gha níbẹ̀ rin. Èyí án ti mí se àbẹ̀tẹ́lẹ̀ orílẹ̀ èdè kàn, àbẹ̀tẹ́lẹ̀ orílẹ̀ èdè kan rèé gha níbẹ̀ rin. Èyí án ti mí se àbẹ̀t"
"Jí a bá yọ ti èyíyìí kúrò, ipó èyí ó tọ́n nẹ́ yéye.","Apart from this, he holds a lot of positions.","Jí a bá yọ ti èyíyìí kúrò, ipó èyí ó tọ́n nẹ́ yéye. Jí a bá yọ ti èyíyìí kúrò, ipó èyí ó tọ́n nẹ́ yéye. Jí a bá yọ ti èyíyìí kúrò, ipó èyí ó tọ́n nẹ́ yéye."
"Ó wá mi bá Arẹwà lọ ni ìnira èyí hàn, éè si pé ó mi da ológhó.","And it is going with Arẹwà in good health, it is not that it is becoming the wealthy.","Ó wá mi bá Arẹwà lọ ni ìnira èyí hàn, éè si pé ó mi da ológhó. Ó wá mi bá Arẹwà lọ ni ìnira èyí hàn, éè si pé ó mi da ológhó"
Bá rẹ̀ arigho kọ́ ulé rin nùgbà yìí Jòhánù fọ̀ ó pe omi iye òghun lè ghò àrọ̀n ẹ̀bólà mí pa iráyé nojúkojú.,"However,there was an uproar when John announced that his water could cure ebola that was killing people suddenly.",Ọ̀rọ̀ ìjọ́ ìjọ́ ìjọ́ ìjọ́ ìjọ́ ìjọ́ ìjọ́ ìjọ́ ìjọ́ ìjọ́ ìjọ́.
Díyẹ̀ nara àghan ẹrin èyí ó tí yìn àghan ọma burúkú,Some of the songs that praise bad children,ọ̀rọ ọ̀rọ ọ̀rọ ọ̀rọ ọ̀rọ ọ̀rọ ọ̀rọ ọ̀rọ ọ̀rọ ọ̀rọ ọ̀rọ ọ̀rọ ọ̀rọ ọ̀rọ ọ̀rọ ọ̀rọ ọ̀rọ ọ̀rọ.
Àghan ule iṣẹ èyí já má  ẹ̀rọ alátagbà òghun ọfọ̀ ìkórìíra.,Companies involved in internet and hate speech ,Àghan ule iṣẹ èyí já má  ẹ̀rọ alátagbà òghun ọfọ̀ ìkórìíra. Àghan ule iṣẹ èyí já má  ẹ̀rọ alátagbà òghun ọfọ̀ ìkórìíra. Àghan ule iṣẹ èyí já má  ẹ̀rọ alátagbà òghun ọfọ̀ ìkórìíra
O jí irun yii jẹ́ jí àrùn kòró gbòde kan ni kpé e hí ìwòsàn kọ́kàn ghun,He explained that the reason the disease name is widespread is due to the absence of a cure for it.,2018. O jí irun yii jẹ́ jí àrùn kòró gbòde kan ni kpé e hí ìwòsàn kọ́kàn ghun 2018. O jí irun yii jẹ́ jí àrùn kòró gbòde kan ni kpé e hí ìwòsàn kọ́kàn ghun 2018. O jí irun yii jẹ́ jí àrùn kòró gbòde kan ni kpé e hí
Ọ̀gbẹ́ni Àbàtì èyí fi ìgbà kàn jẹ́ amúgbánẹ̀gbẹ́ ghún ààrẹ àná fọ̀ọ́ kpé ìrọ́ lílá òghun Mínísítà mi kpa rin,Mr.Abati who was once an assistant to the former president said the minister is telling a big lie ,2018. Ọ̀gbẹ́ni Àbàtì èyí fi ìgbà kàn jẹ́ amúgbánẹ̀gbẹ́ ghún ààrẹ àná fọ̀ọ́ kpé ìrọ́ lílá òghun Mínísítà mi kpa rin 2018.
Ilé ẹjọ́ jí bíse Mákindé se lé àghan alága ẹgbẹ́ òsèlú ni Ọ̀yọ́ lòdì sí òfin,The court said how Makinde sent the political party chairpersons in Oyo is against the law.,ẹjọ́ jí bíse Mákindé ni Ọ̀yọ́ lòdì sí ẹjọ́ jí bíse Mákindé ni Ọ̀yọ́.
Ikọlu yẹ̀n bi irun èyí a gbọ́ sẹlẹ̀ nùgba èyí àghan ikọ ipolongo mejeeji ba ara ghan ni òjà ilu Akoko ni ijọba ibilẹ Ìlà Oòrun.,"As per our understanding, the assault occurred during the encounter between the two advocates in the royal city of Akoko within the Ila Oorun local government area.",Ọ̀rọ ọ̀rọ ọ̀rọ ọ̀rọ ọ̀rọ ọ̀rọ ọ̀rọ ọ̀rọ ọ̀rọ ọ̀rọ.
"Bí a bá wò bẹ́ẹ̀di yìí gha nibé, a lè ri kpé àán mí hùn norígho ògùn olóró","If we look at the bed that we are here, we can see that they are sleeping on hard drugs.","ìgbé, ìgbé ìgbé, ìgbé ìgbé, ìgbé ìgbé, ìgbé ìgbé."
Bá rẹ̀ án ti mi se ifẹhọnọ́ghàn tako ofin ni Guusu ilẹ̀ Amẹrika rin.,This is how they also protest against law in South America ,Ọ̀lọ́pọ̀ ọ̀lọ́pọ̀ ọ̀lọ́pọ̀ ọ̀lọ́pọ̀ ọ̀lọ́pọ̀ ọ̀lọ́pọ̀ ọ̀lọ́pọ̀ ọ̀lọ́pọ̀ ọ̀lọ́pọ̀ ọ̀lọ́pọ̀ ọ̀lọ́pọ̀ ọ̀lọ́pọ̀ ọ̀lọ́pọ̀ ọ̀lọ́pọ̀ ọ
Èké rin pe ikọ̀ ọlọ́pàá fi ìwé pè mí dàbí fi bírọ̀ ọfọ̀ ni ọwọ́ mi.,It is a lie that the police sent me a letter or questioned me,Èké rin pe ikọ̀ ọlọ́pàá fi ìwé pè mí dàbí fi bírọ̀ ọfọ̀ ni ọwọ́ mi. Èké rin pe ikọ̀ ọlọ́pàá fi ìwé pè mí dàbí fi bírọ̀ ọfọ̀ ni ọwọ́ mi. Èké rin pe ikọ̀ ọlọ́pàá fi ìwé pè mí dàbí fi bírọ̀ ọf
Ọfọ̀ èyí a pè ghun pípẹ́n nẹ́ ìtumà “lílà á jí ó gún rege,The word we call sharing means dissecting it to look good.,ọ̀rọ̀ ní ọ̀rọ̀ ní ọ̀rọ̀ ní ọ̀rọ̀ ní ọ̀rọ̀ ní ọ̀rọ̀ ní ọ̀rọ̀ ní ọ̀rọ̀ ní ọ̀rọ̀ ní ọ̀rọ̀ ní ọ̀rọ̀ ní ọ̀rọ̀ ní ọ̀rọ̀ ní ọ̀rọ̀ ní ọ̀rọ̀ ní ọ̀rọ̀ ní
Ọgbán yìí gbésẹ́ òghun Àrísítóótù fọ̀ ghàn ghá kpé irun yìí bá ìfẹ́ Ọlọ́run mu àti bó se ghan jí iráyé mà ìghà odindi,Very sound wisdom is what Aristotle told us is in accordance with Gods's will and how a person is supposed to know good behaviour.,. Ìfẹ́ òghun Àrísítóótù fọ̀ ghàn ghá kpé irun yìí bá ìfẹ́ Ọlọ́run mu àti bó se ghan jí iráyé mà ìghà odindi. Ìfẹ́ òghun Àrísítóótù fọ̀ ghàn ghá kpé irun yìí bá ìfẹ́ Ọlọ́run mu àti bó se ghan jí iráyé mà ìghà odindi
Ọ̀gbẹ́ni Rótìmí Olúmọ yìí fìdí ọ̀rọ̀ yìí múlẹ̀ sàlàyé kpé ìban lílá mẹ́ẹ́rẹn òghun àán gbà nọwọ́ àghan afunrasí náà,Mr. Rotimi Olumu who confirmed this matter explained that they collected four big guns from the suspects.,ọ̀rọ̀ ọ̀rọ̀ ọ̀rọ̀ ọ̀rọ̀ ọ̀rọ̀ ọ̀rọ̀ ọ̀rọ̀.
Adájọ́ ti kpàṣẹ kpé jí Ọ̀jọ̀gbọ́n Akíndélé là jókòó ní ọgbà ẹ̀ghàn báyìí,The judge has issued an order for Professor Akindele to be imprisoned immediately.,ọ̀jọ́gbọ́n Akíndélé. Ọ̀jọ́gbọ́n Akíndélé tí ọ̀jọ́gbọ́n Akíndélé tí ọ̀jọ́gbọ́n Akíndélé tí ọ̀jọ́gbọ́n Akíndélé tí ọ̀jọ́gbọ́n Akíndélé tí ọ̀jọ́gbọ́n Akíndélé tí ọ̀jọ́gbọ́n Akíndélé tí ọ̀jọ́gbọ
Jesu kú ghún ọkàn iráyé,Jesus dies for the soul of humans.,"ọdun, ọdun ọdun, ọdun ọdun, ọdun ọdun, ọdun ọdun, ọdun ọdun, ọdun ọdun, ọdun ọdun, ọdun ọdun, ọdun ọdun, ọdun ọdun, ọdun ọdun, ọdun ọdun, ọdun ọdun, ọdun ọ"
ati ri isubu kàn saaju ninọ́ usẹ́ iranse.,To see a downfall first in ministry,Ọ̀rọ ọ̀rọ ọ̀rọ ọ̀rọ ọ̀rọ ọ̀rọ ọ̀rọ ọ̀rọ ọ̀rọ ọ̀rọ ọ̀rọ ọ̀rọ ọ̀rọ ọ̀rọ ọ̀rọ ọ̀rọ ọ̀rọ ọ̀rọ ọ̀rọ ọ̀rọ ọ̀rọ ọ̀rọ ọ̀rọ ọ̀rọ ọ̀rọ ọ̀
Àghan asòfin àgbà orílẹ̀ èdè Nàìjíríà ti mú Gómìnà ìpínlẹ̀ Òǹdó nèsì rẹ̀ yìí gho fọ̀,The senior legislators of Nigeria have given the governor of Ondo state a responded to his words.,"rọ̀ 2018, 2019, 2020, 2021, 2022, 2023."
Èyí rí bẹ́ẹ̀ nítorí ọ̀kpọ̀lọkpọ̀ èrò mímá rèé fara má orígho gẹ́gẹ́ bí ó ti yẹ jí an se ghún ìtọ́ni àti iṣẹ́ yìí múná dóko,This is so because a lot of holy people do not accept the head as they should for guidance and a perfect work.,. Ìtọ́ni àti iṣẹ́ yìí múná dóko ọ̀kọ́rọ ọ̀kọ́rọ ọ̀kọ́rọ ọ̀kọ́rọ ọ̀kọ́rọ ọ̀kọ́rọ ọ̀kọ́rọ ọ̀kọ́rọ.
Èsì àyẹ̀ghò kòró titọn yìí jáde nọjọ́ sátidé norílẹ̀èdè Nàìjíríà fi hàn pé ọnẹ ẹgbẹ́rin tọ́n sẹ̀sẹ̀ kò àrùn náà,The outcome of the latest COVID-19 test results released on Saturday in Nigeria indicates that eight thousand more individuals have contracted the disease.,ní àwọn ọjọ́ ní ọjọ́ ní ọjọ́ ní ọjọ́.
Ààrẹ tí tẹ́ghọ́ gbà ìghé ìfẹ̀yìntì èyí yìí adájọ́ àgbà kò fànrarẹ̀,The president has accepted the resignation written by the chief justice himself.,"2017, 2018, 2019, 2020, 2021, 2022, 2023, 2024, 2025, 2026, 2027."
"ọkọ̀nrẹn yìí ba fẹ́ se aseyege ninọ́ usẹ iranse, éè le se nẹ̀yìn obìrẹn.","A man that wants to be successful in ministry, can not do without a woman.","ọkọ̀nrẹn yìí ba fẹ́ se aseyege ninọ́ usẹ iranse, éè le se nẹ̀yìn obìrẹn."
Àmá àghan aṣojú ìbílẹ̀ fọ ó pé iléuṣẹ́ yẹ̀n ti kùnà áti se irú ẹ̀tọ́ yẹ̀n,But local representatives say the company has failed to do that type of program.,. Àmá àghan aṣojú ìbílẹ̀ fọ ó pé iléuṣẹ́ yẹ̀n ti kùnà áti se irú ẹ̀tọ́ yẹ̀n. Àmá àghan aṣojú ìbílẹ̀ fọ ó pé iléuṣẹ́ yẹ̀n ti kùnà áti se irú ẹ̀tọ́ yẹ̀n. Àmá àghan aṣojú ìbílẹ̀ fọ ó pé iléuṣẹ
Ulé ijọba ipinlẹ Eko èyí gha ni Marina òghun Sanwo Olu ti gbà ghán àlejò rin.,Sanwo Olu hosted them at the Lagos state government building in Marina.,Eko èyí gha ni Marina òghun Sanwo Olu ti gbà ghán àlejò rin. Eko èyí gha ni Marina òghun Sanwo Olu ti gbà ghán àlejò rin
Irun yìí Kọ̀misọ́nà ghún ètò ìròyìn ní ìpínlè Èkó sọ ghàn àghan oníròyìn rèé yẹ̀n,This is what the Commissioner for Social Affairs in Eko State told reporters.,2016.
Mójúmá ọjọ́ Àìkú yìí jẹ́ ọjọ́ karùn ún oṣùn kíní ọdọ́n yìí òghun ìsẹ̀lẹ̀ náà wáyé,"The event occurred early on Sunday morning, which was the 5th of January this year.",ọdọ́n yìí òghun ìsẹ̀lẹ̀ ọdọ́n yìí òghun ìsẹ̀lẹ̀ ọdọ́n yìí òghun ìsẹ̀lẹ̀ ọdọ́n yìí òghun ìsẹ̀lẹ̀ ọdọ́n yìí òghun ìsẹ̀lẹ̀ ọdọ́n yìí òghun ìsẹ̀lẹ̀.
"Nítorí náà, mo ghò dede ìsàlẹ̀ rẹ, o lè ni ẹ̀ẹ́dẹ́gbẹ̀rin, mo sì fẹ́ àghan ànímá ọkọ̀nrẹn","So, I looked at the whole bottom, it is over seven hundred, and I looked for the characteristics of men.",", ọkọ̀nrẹn, ọkọ̀nrẹn, ọkọ̀nrẹn, ọkọ̀nrẹn, ọkọ̀nrẹn, ọkọ̀nrẹn."
ọ̀gbàn ọjọ́ ni osùn kẹta ọdún oghun ulé ṣẹ́ ààrẹ gbe ní òde pé ààrẹ Muhammadu Buhari ra rẹ̀n ìrẹ̀nàjò lọ ókè òkùn áti la hínmi rin.,"On the 30th of the third month of the year, the office of the president announced that President Muhammadu Buhari will travel to the abroad to rest.",ọ̀gbàn ọjọ́ ni osùn kẹta ọdún oghun ulé ṣẹ́ ààrẹ gbe ní òde pé ààrẹ Muhammadu Buhari ra rẹ̀n ìrẹ̀nàjò lọ ókè òkùn áti la hínmi rin. ọ̀gbàn ọjọ́ ni osùn kẹta ọdún oghun ulé ṣẹ́ ààrẹ gbe ní òde pé à
Ọmọlanke oghun a sá fi gbé ẹ̀gbán mi lọ ilé ìghòsàn rìn.,We later use wheelbarrow to carry my brother to the hospital,Ọmọlanke oghun a sá fi gbé ẹ̀gbán mi lọ ilé ìghòsàn rìn. Ọmọlanke oghun a sá fi gbé ẹ̀gbán mi lọ ilé ìghòsàn rìn. Ọmọlanke oghun a sá fi gbé ẹ̀gbán mi lọ ilé ìghòsàn rìn.
Ọ̀nà kàn soso yìí a lè gbà tẹ́ Ọlọ́run nọrọ̀n rèé se níkpa ìgbàgbọ́ àghan bàbá wa,The only way we can please God is by the faith of our fathers.,. Ọ̀nà kàn soso yìí a lè gbà tẹ́ Ọlọ́run nọrọ̀n rèé se níkpa ìgbàgbọ́ àghan bàbá wa. Ọ̀nà kàn soso yìí a lè gbà tẹ́ Ọlọ́run nọrọ̀n rèé se níkpa ìgbàgbọ́ àghan bàbá wa. Ọ̀nà kàn soso yìí a lè gbà tẹ́
